directory,subdirectory,filename,speaker_id,session_id,utterance_id,transcription,recording_corrupt,comment_transcriptionist,length_sec,recording_id,recording_startpos_sec
ch01,ch01_01,ch01_01_001,unknown,1,1,"7号1号叫",0,,,,
ch01,ch01_01,ch01_01_002,unknown,1,2,"5号声音好",0,,,,
ch01,ch01_01,ch01_01_003,unknown,1,3,"5号明白",0,,,,
ch01,ch01_01,ch01_01_004,unknown,1,4,"锦州回答4151声音好",0,,,,
ch01,ch01_01,ch01_01_005,unknown,1,5,"好的投资条件您稍等一下啊我这还没要到呢",0,,,,
ch01,ch01_01,ch01_01_006,unknown,1,6,"1号3号叫",0,,,,
ch01,ch01_01,ch01_01_007,unknown,1,7,"2号声音好",0,,,,
ch01,ch01_01,ch01_01_008,unknown,1,8,"3号明白",0,,,,
ch01,ch01_01,ch01_01_009,unknown,1,9,"4151锦州1号",0,,,,
ch01,ch01_01,ch01_01_010,unknown,1,10,"4151锦州1号叫",0,,,,
ch01,ch01_01,ch01_01_011,unknown,1,11,"啊4151回答1号",0,,,,
ch01,ch01_01,ch01_01_012,unknown,1,12,"这边场压733.9 733.9着陆方向由西向东由西向东本场基本静风0-2",0,,,,
ch01,ch01_01,ch01_01_013,unknown,1,13,"好的一会见了",0,,,,
ch01,ch01_01,ch01_01_014,unknown,1,14,"锦州回答4151声音好",0,,,,
ch01,ch01_01,ch01_01_015,unknown,1,15,"啊现在海压2,800海下15",0,,,,
ch01,ch01_01,ch01_01_016,unknown,1,16,"啊军运说是你可以直接下降高度吗",0,,,,
ch01,ch01_01,ch01_01_017,unknown,1,17,"啊可以啊",0,,,,
ch01,ch01_01,ch01_01_018,unknown,1,18,"好的那你直接下场高15然后通场加入左三边高度可以继续下了",0,,,,
ch01,ch01_01,ch01_01_019,unknown,1,19,"好的下场高1,500",0,,,,
ch01,ch01_01,ch01_01_020,unknown,1,20,"通场加入左三边",0,,,,
ch01,ch01_01,ch01_01_021,unknown,1,21,"啊如果高度来不及的话可以往前再飞上一分钟半分钟",0,,,,
ch01,ch01_01,ch01_01_022,unknown,1,22,"好的明白了好另外呃落地可以联系对吧",0,,,,
ch01,ch01_01,ch01_01_023,unknown,1,23,"对的落地可以联系",0,,,,
ch01,ch01_01,ch01_01_024,unknown,1,24,"落地以后起飞以后直接联系民航进近频率119119.6就可以了",0,,,,
ch01,ch01_01,ch01_01_025,unknown,1,25,"好的起飞以后联系1196对吧",0,,,,
ch01,ch01_01,ch01_01_026,unknown,1,26,"好的4151你三边报一下",0,,,,
ch01,ch01_01,ch01_01_027,unknown,1,27,"啊在我三边报4151",0,,,,
ch01,ch01_01,ch01_01_028,unknown,1,28,"好的继续下降高度",0,,,,
ch01,ch01_01,ch01_01_029,unknown,1,29,"好4151继续下降高度了三转弯报一下",0,,,,
ch01,ch01_01,ch01_01_030,unknown,1,30,"好三转弯报",0,,,,
ch01,ch01_01,ch01_01_031,unknown,1,31,"4151三转弯",0,,,,
ch01,ch01_01,ch01_01_032,unknown,1,32,"3号5号开机工作",0,,,,
ch01,ch01_01,ch01_01_033,unknown,1,33,"现在我要这个",0,,,,
ch01,ch01_01,ch01_01_034,unknown,1,34,"现在地面230多风3米",0,,,,
ch01,ch01_01,ch01_01_035,unknown,1,35,"12公里偏左100米",0,,,,
ch01,ch01_01,ch01_01_036,unknown,1,36,"350 8公里1号",0,,,,
ch01,ch01_01,ch01_01_037,unknown,1,37,"速度320 7公里1号",0,,,,
ch01,ch01_01,ch01_01_038,unknown,1,38,"速度300 6公里1号",0,,,,
ch01,ch01_01,ch01_01_039,unknown,1,39,"速度260 5公里1号",0,,,,
ch01,ch01_01,ch01_01_040,unknown,1,40,"可以落地落地可以联系",0,,,,
ch01,ch01_01,ch01_01_041,unknown,1,41,"明白",0,,,,
ch01,ch01_01,ch01_01_042,unknown,1,42,"速度160 3公里1号",0,,,,
ch01,ch01_01,ch01_01_043,unknown,1,43,"速度100 两公里1号",0,,,,
ch01,ch01_01,ch01_01_044,unknown,1,44,"可以起飞",0,,,,
ch01,ch01_01,ch01_01_045,unknown,1,45,"啊联系119.6啊",0,,,,
ch01,ch01_01,ch01_01_046,unknown,1,46,"对的 上场高700 联系1196",0,,,,
ch01,ch01_01,ch01_01_047,unknown,1,47,"好的明白",0,,,,
ch01,ch01_01,ch01_01_048,unknown,1,48,"好的一会见你预计一会什么时候过来啊",0,,,,
ch01,ch01_01,ch01_01_049,unknown,1,49,"啊可能得呃一个半小时吧",0,,,,
ch02,ch02_01,ch02_01_001,unknown,2,1,"好的本场场压",0,,,,
ch02,ch02_01,ch02_01_002,unknown,2,2,"733.2733.2温度5度温度5度",0,,,,
ch02,ch02_01,ch02_01_003,unknown,2,3,"呃50度风3-5米",0,,,,
ch02,ch02_01,ch02_01_004,unknown,2,4,"地面能见度大于两公里",0,,,,
ch02,ch02_01,ch02_01_005,unknown,2,5,"完毕",0,,,,
ch02,ch02_01,ch02_01_006,unknown,2,6,"733.2进跑道",0,,,,
ch02,ch02_01,ch02_01_007,unknown,2,7,"这个5度",0,,,,
ch02,ch02_01,ch02_01_008,unknown,2,8,"50度风",0,,,,
ch02,ch02_01,ch02_01_009,unknown,2,9,"3-5米着陆方向由西向东",0,,,,
ch02,ch02_01,ch02_01_010,unknown,2,10,"好的着陆方向由西向东我落地以后不用加油你给我来个停车",0,,,,
ch02,ch02_01,ch02_01_011,unknown,2,11,"啊下站联系1900",0,,,,
ch02,ch02_01,ch02_01_012,unknown,2,12,"好嘞一会见",0,,,,
ch02,ch02_01,ch02_01_013,unknown,2,13,"好的你现在可以继续下到场高12",0,,,,
ch02,ch02_01,ch02_01_014,unknown,2,14,"好嘞我场高12",0,,,,
ch02,ch02_01,ch02_01_015,unknown,2,15,"17",0,,,,
ch02,ch02_01,ch02_01_016,unknown,2,16,"呃你现在能见地面吗",0,,,,
ch02,ch02_01,ch02_01_017,unknown,2,17,"呃不太能见",0,,,,
ch02,ch02_01,ch02_01_018,unknown,2,18,"好的那你一会回南以后左转给我三遍导航台吧加我三遍",0,,,,
ch02,ch02_01,ch02_01_019,unknown,2,19,"呃好的",0,,,,
ch02,ch02_01,ch02_01_020,unknown,2,20,"对的渭南以后左转",0,,,,
ch02,ch02_01,ch02_01_021,unknown,2,21,"回答",0,,,,
ch02,ch02_01,ch02_01_022,unknown,2,22,"啊你现在高度",0,,,,
ch02,ch02_01,ch02_01_023,unknown,2,23,"高度2,100渭南继续下降",0,,,,
ch02,ch02_01,ch02_01_024,unknown,2,24,"可以你下到场高700本场以东11公里下到场高700",0,,,,
ch02,ch02_01,ch02_01_025,unknown,2,25,"好的",0,,,,
ch02,ch02_01,ch02_01_026,unknown,2,26,"我直接给你安排导航台",0,,,,
ch02,ch02_01,ch02_01_027,unknown,2,27,"呃可以吗",0,,,,
ch02,ch02_01,ch02_01_028,unknown,2,28,"可以呃下700后面正常做",0,,,,
ch02,ch02_01,ch02_01_029,unknown,2,29,"好的",0,,,,
ch02,ch02_01,ch02_01_030,unknown,2,30,"呃本场没有活动",0,,,,
ch02,ch02_01,ch02_01_031,unknown,2,31,"呃本场就云比较低你到时候看一下",0,,,,
ch02,ch02_01,ch02_01_032,unknown,2,32,"云底高有个200两吧",0,,,,
ch02,ch02_01,ch02_01_033,unknown,2,33,"好的",0,,,,
ch02,ch02_01,ch02_01_034,unknown,2,34,"呃导航牌引导灯都开了吧",0,,,,
ch02,ch02_01,ch02_01_035,unknown,2,35,"呃导航牌房间都工作好了你再检查一下",0,,,,
ch02,ch02_01,ch02_01_036,unknown,2,36,"这边有降水吗",0,,,,
ch02,ch02_01,ch02_01_037,unknown,2,37,"对的本场目前有降水你也可以观察",0,,,,
ch02,ch02_01,ch02_01_038,unknown,2,38,"3号5号明白",0,,,,
ch02,ch02_01,ch02_01_039,unknown,2,39,"呃检查一下你的着陆灯",0,,,,
ch02,ch02_01,ch02_01_040,unknown,2,40,"好的我要放到那个什么没开呢好吧",0,,,,
ch02,ch02_01,ch02_01_041,unknown,2,41,"好的看到你了检查好可以落地",0,,,,
ch02,ch02_01,ch02_01_042,unknown,2,42,"东边2号道口退出退出注意观察",0,,,,
ch02,ch02_01,ch02_01_043,unknown,2,43,"明白明白",0,,,,
ch02,ch02_01,ch02_01_044,unknown,2,44,"可以退出",0,,,,
ch02,ch02_01,ch02_01_045,unknown,2,45,"017干扰了重复一下",0,,,,
ch02,ch02_01,ch02_01_046,unknown,2,46,"那个下一站已经放飞了",0,,,,
ch02,ch02_01,ch02_01_047,unknown,2,47,"听到回答0017",0,,,,
ch02,ch02_01,ch02_01_048,unknown,2,48,"准备好检查开车",0,,,,
ch02,ch02_01,ch02_01_049,unknown,2,49,"0017检查好可以开车",0,,,,
ch02,ch02_01,ch02_01_050,unknown,2,50,"应答机不变",0,,,,
ch02,ch02_01,ch02_01_051,unknown,2,51,"呃起飞方向不变由西向东起飞以后呃",0,,,,
ch02,ch02_01,ch02_01_052,unknown,2,52,"航向飞渭南",0,,,,
ch02,ch02_01,ch02_01_053,unknown,2,53,"呃听我指挥上升",0,,,,
ch02,ch02_01,ch02_01_054,unknown,2,54,"然后联系进频率1199",0,,,,
ch02,ch02_01,ch02_01_055,unknown,2,55,"1199对吗",0,,,,
ch02,ch02_01,ch02_01_056,unknown,2,56,"对的前面有个航向渭南上到场高700听我指挥继续上升联系频率1199",0,,,,
ch02,ch02_01,ch02_01_057,unknown,2,57,"1199对吧",0,,,,
ch02,ch02_01,ch02_01_058,unknown,2,58,"对的119.9119.9",0,,,,
ch02,ch02_01,ch02_01_059,unknown,2,59,"啊119.9好吧",0,,,,
ch02,ch02_01,ch02_01_060,unknown,2,60,"对的可以开车了",0,,,,
ch02,ch02_01,ch02_01_061,unknown,2,61,"右转滑出2号道进",0,,,,
ch02,ch02_01,ch02_01_062,unknown,2,62,"呃右转2号道进",0,,,,
ch02,ch02_01,ch02_01_063,unknown,2,63,"收到",0,,,,
ch02,ch02_01,ch02_01_064,unknown,2,64,"可以进跑道",0,,,,
ch02,ch02_01,ch02_01_065,unknown,2,65,"4017检查好可以起飞",0,,,,
ch02,ch02_01,ch02_01_066,unknown,2,66,"啊4017场高700报",0,,,,
ch02,ch02_01,ch02_01_067,unknown,2,67,"对的",0,,,,
ch02,ch02_01,ch02_01_068,unknown,2,68,"好的4017你保持700听我指挥继续上升",0,,,,
ch02,ch02_01,ch02_01_069,unknown,2,69,"高度700听指挥上升",0,,,,
ch02,ch02_01,ch02_01_070,unknown,2,70,"啊什么时候可以上升高度",0,,,,
ch02,ch02_01,ch02_01_071,unknown,2,71,"呃你再保持30秒",0,,,,
ch02,ch02_01,ch02_01_072,unknown,2,72,"好的",0,,,,
ch02,ch02_01,ch02_01_073,unknown,2,73,"可以上升",0,,,,
ch02,ch02_01,ch02_01_074,unknown,2,74,"上标准气压3,600连续进频率119.9",0,,,,
ch02,ch02_01,ch02_01_075,unknown,2,75,"3,600%119.9",0,,,,
ch02,ch02_01,ch02_01_076,unknown,2,76,"对的你现在航向可以飞渭南了",0,,,,
ch02,ch02_01,ch02_01_077,unknown,2,77,"好嘞现在航向飞渭南",0,,,,
ch02,ch02_01,ch02_01_078,unknown,2,78,"4017跟民航联系好了上高度663",0,,,,
ch02,ch02_01,ch02_01_079,unknown,2,79,"哎谢谢了",0,,,,
ch02,ch02_01,ch02_01_080,unknown,2,80,"客气",0,,,,
ch02,ch02_01,ch02_01_081,unknown,2,81,"1号3号5号交",0,,,,
ch02,ch02_01,ch02_01_082,unknown,2,82,"2号关机休息",0,,,,
ch03,ch03_01,ch03_01_001,unknown,3,1,"长江4018叫1234554321",0,,,,
ch03,ch03_01,ch03_01_002,unknown,3,2,"声音怎么样",0,,,,
ch03,ch03_01,ch03_01_003,unknown,3,3,"4018长江收到声音好",0,,,,
ch03,ch03_01,ch03_01_004,unknown,3,4,"长江4018请求开车",0,,,,
ch03,ch03_01,ch03_01_005,unknown,3,5,"4018检查好可以开车",0,,,,
ch03,ch03_01,ch03_01_006,unknown,3,6,"场压756",0,,,,
ch03,ch03_01,ch03_01_007,unknown,3,7,"应答机3124地面温度20度",0,,,,
ch03,ch03_01,ch03_01_008,unknown,3,8,"4018明白场压756地面温度20度",0,,,,
ch03,ch03_01,ch03_01_009,unknown,3,9,"长江4018请求滑出",0,,,,
ch03,ch03_01,ch03_01_010,unknown,3,10,"4018检查好可以左转滑出跑道07",0,,,,
ch03,ch03_01,ch03_01_011,unknown,3,11,"滑行道滑行跑道头进跑道",0,,,,
ch03,ch03_01,ch03_01_012,unknown,3,12,"4018明白",0,,,,
ch03,ch03_01,ch03_01_013,unknown,3,13,"跑道07",0,,,,
ch03,ch03_01,ch03_01_014,unknown,3,14,"滑行道滑行",0,,,,
ch03,ch03_01,ch03_01_015,unknown,3,15,"跑道头进跑道",0,,,,
ch03,ch03_01,ch03_01_016,unknown,3,16,"4018注意滑行速度不要大",0,,,,
ch03,ch03_01,ch03_01_017,unknown,3,17,"4018明白",0,,,,
ch03,ch03_01,ch03_01_018,unknown,3,18,"长江4018请求进跑道",0,,,,
ch03,ch03_01,ch03_01_019,unknown,3,19,"4018检查好可以进跑道",0,,,,
ch03,ch03_01,ch03_01_020,unknown,3,20,"长江4018请求起飞",0,,,,
ch03,ch03_01,ch03_01_021,unknown,3,21,"4018检查好可以起飞",0,,,,
ch03,ch03_01,ch03_01_022,unknown,3,22,"起飞飞左起落航线50度左侧",0,,,,
ch03,ch03_01,ch03_01_023,unknown,3,23,"4米每秒",0,,,,
ch03,ch03_01,ch03_01_024,unknown,3,24,"4018检查好可以起飞",0,,,,
ch03,ch03_01,ch03_01_025,unknown,3,25,"起飞",0,,,,
ch03,ch03_01,ch03_01_026,unknown,3,26,"飞左起落航线50度左侧风4米每秒",0,,,,
ch03,ch03_01,ch03_01_027,unknown,3,27,"4018明白",0,,,,
ch03,ch03_01,ch03_01_028,unknown,3,28,"4018切台方报",0,,,,
ch03,ch03_01,ch03_01_029,unknown,3,29,"4018明白",0,,,,
ch03,ch03_01,ch03_01_030,unknown,3,30,"4018切台方",0,,,,
ch03,ch03_01,ch03_01_031,unknown,3,31,"40183转弯报",0,,,,
ch03,ch03_01,ch03_01_032,unknown,3,32,"4018三转弯报",0,,,,
ch03,ch03_01,ch03_01_033,unknown,3,33,"4018放起落架三转弯",0,,,,
ch03,ch03_01,ch03_01_034,unknown,3,34,"4018四转弯报",0,,,,
ch03,ch03_01,ch03_01_035,unknown,3,35,"4018明白四转弯报",0,,,,
ch03,ch03_01,ch03_01_036,unknown,3,36,"40184转弯",0,,,,
ch03,ch03_01,ch03_01_037,unknown,3,37,"4018过台报",0,,,,
ch03,ch03_01,ch03_01_038,unknown,3,38,"4018明白",0,,,,
ch03,ch03_01,ch03_01_039,unknown,3,39,"4018过台",0,,,,
ch03,ch03_01,ch03_01_040,unknown,3,40,"起落架好请求着陆",0,,,,
ch03,ch03_01,ch03_01_041,unknown,3,41,"4018检查好可以着陆",0,,,,
ch03,ch03_01,ch03_01_042,unknown,3,42,"地面逆风4米每秒",0,,,,
ch03,ch03_01,ch03_01_043,unknown,3,43,"4018明白",0,,,,
ch03,ch03_01,ch03_01_044,unknown,3,44,"4018一直向前滑注意减速",0,,,,
ch03,ch03_01,ch03_01_045,unknown,3,45,"3号脱离",0,,,,
ch03,ch03_01,ch03_01_046,unknown,3,46,"呃前方左转脱离",0,,,,
ch03,ch03_01,ch03_01_047,unknown,3,47,"3号停机位",0,,,,
ch03,ch03_01,ch03_01_048,unknown,3,48,"注意地面引导",0,,,,
ch03,ch03_01,ch03_01_049,unknown,3,49,"4018明白",0,,,,
ch03,ch03_01,ch03_01_050,unknown,3,50,"3号脱离",0,,,,
ch03,ch03_01,ch03_01_051,unknown,3,51,"前方左转脱离",0,,,,
ch03,ch03_01,ch03_01_052,unknown,3,52,"4018看到地面指挥请求脱波",0,,,,
ch03,ch03_01,ch03_01_053,unknown,3,53,"再见",0,,,,
ch03,ch03_01,ch03_01_054,unknown,3,54,"4018请求起飞",0,,,,
ch03,ch03_01,ch03_01_055,unknown,3,55,"4018检查好可以起飞",0,,,,
ch03,ch03_01,ch03_01_056,unknown,3,56,"起飞飞左直角大航线",0,,,,
ch03,ch03_01,ch03_01_057,unknown,3,57,"一转弯报",0,,,,
ch03,ch03_01,ch03_01_058,unknown,3,58,"4018明白",0,,,,
ch03,ch03_01,ch03_01_059,unknown,3,59,"4018高度150米",0,,,,
ch03,ch03_01,ch03_01_060,unknown,3,60,"一转弯",0,,,,
ch03,ch03_01,ch03_01_061,unknown,3,61,"40182转弯报",0,,,,
ch03,ch03_01,ch03_01_062,unknown,3,62,"4018明白",0,,,,
ch03,ch03_01,ch03_01_063,unknown,3,63,"40182转弯",0,,,,
ch03,ch03_01,ch03_01_064,unknown,3,64,"4018切台报",0,,,,
ch03,ch03_01,ch03_01_065,unknown,3,65,"4018明白",0,,,,
ch03,ch03_01,ch03_01_066,unknown,3,66,"4018切台",0,,,,
ch03,ch03_01,ch03_01_067,unknown,3,67,"40183转弯报",0,,,,
ch03,ch03_01,ch03_01_068,unknown,3,68,"4018明白",0,,,,
ch03,ch03_01,ch03_01_069,unknown,3,69,"40183转弯",0,,,,
ch03,ch03_01,ch03_01_070,unknown,3,70,"40184转弯报",0,,,,
ch03,ch03_01,ch03_01_071,unknown,3,71,"4018明白40184转弯",0,,,,
ch03,ch03_01,ch03_01_072,unknown,3,72,"4018检查好起落架过远台报",0,,,,
ch03,ch03_01,ch03_01_073,unknown,3,73,"4018明白",0,,,,
ch03,ch03_01,ch03_01_074,unknown,3,74,"4018过远台",0,,,,
ch03,ch03_01,ch03_01_075,unknown,3,75,"起落架好请求着陆4018出云报",0,,,,
ch03,ch03_01,ch03_01_076,unknown,3,76,"4018明白",0,,,,
ch03,ch03_01,ch03_01_077,unknown,3,77,"4018高度160米出云",0,,,,
ch03,ch03_01,ch03_01_078,unknown,3,78,"4018看到你了可以着陆东风4米每秒",0,,,,
ch03,ch03_01,ch03_01_079,unknown,3,79,"4018明白",0,,,,
ch03,ch03_01,ch03_01_080,unknown,3,80,"4018一直向前滑注意减速",0,,,,
ch03,ch03_01,ch03_01_081,unknown,3,81,"4号脱离",0,,,,
ch03,ch03_01,ch03_01_082,unknown,3,82,"左转脱离4号停机位注意地面引导",0,,,,
ch03,ch03_01,ch03_01_083,unknown,3,83,"4018明白",0,,,,
ch03,ch03_01,ch03_01_084,unknown,3,84,"4号脱离",0,,,,
ch03,ch03_01,ch03_01_085,unknown,3,85,"左转脱离",0,,,,
ch03,ch03_01,ch03_01_086,unknown,3,86,"四洞18看到地面指挥请求脱波",0,,,,
ch03,ch03_01,ch03_01_087,unknown,3,87,"再见",0,,,,
ch03,ch03_01,ch03_01_088,unknown,3,88,"长江4018请求起飞",0,,,,
ch03,ch03_01,ch03_01_089,unknown,3,89,"4018检查好可以起飞北风5米每秒",0,,,,
ch03,ch03_01,ch03_01_090,unknown,3,90,"4018保持场高156米",0,,,,
ch03,ch03_01,ch03_01_091,unknown,3,91,"4018前方联系泰山联系好报",0,,,,
ch03,ch03_01,ch03_01_092,unknown,3,92,"4018明白",0,,,,
ch03,ch03_01,ch03_01_093,unknown,3,93,"泰山4018叫",0,,,,
ch03,ch03_01,ch03_01_094,unknown,3,94,"泰山回答4018",0,,,,
ch03,ch03_01,ch03_01_095,unknown,3,95,"泰山4018",0,,,,
ch03,ch03_01,ch03_01_096,unknown,3,96,"场高156米保持",0,,,,
ch03,ch03_01,ch03_01_097,unknown,3,97,"4018保持场高",0,,,,
ch03,ch03_01,ch03_01_098,unknown,3,98,"4018保持标高1389米",0,,,,
ch03,ch03_01,ch03_01_099,unknown,3,99,"听指令上标压1389米报",0,,,,
ch03,ch03_01,ch03_01_100,unknown,3,100,"4018明白",0,,,,
ch03,ch03_01,ch03_01_101,unknown,3,101,"保持标高1389",0,,,,
ch03,ch03_01,ch03_01_102,unknown,3,102,"听指令上升1389米包",0,,,,
ch03,ch03_01,ch03_01_103,unknown,3,103,"4018标高1389米工作正常与泰山联系好请求脱波",0,,,,
ch03,ch03_01,ch03_01_104,unknown,3,104,"4018可以脱波再见",0,,,,
ch03,ch03_01,ch03_01_105,unknown,3,105,"泰山4018",0,,,,
ch03,ch03_01,ch03_01_106,unknown,3,106,"4018泰山回答工作情况",0,,,,
ch03,ch03_01,ch03_01_107,unknown,3,107,"预计进入本区时刻",0,,,,
ch03,ch03_01,ch03_01_108,unknown,3,108,"工作正常预计进入时刻11212",0,,,,
ch03,ch03_01,ch03_01_109,unknown,3,109,"4018保持标高9千米飞跃P256报",0,,,,
ch03,ch03_01,ch03_01_110,unknown,3,110,"4018明白",0,,,,
ch03,ch03_01,ch03_01_111,unknown,3,111,"飞跃P256报",0,,,,
ch03,ch03_01,ch03_01_112,unknown,3,112,"4018因雷暴",0,,,,
ch03,ch03_01,ch03_01_113,unknown,3,113,"P256到ZM导航台不能飞",0,,,,
ch03,ch03_01,ch03_01_114,unknown,3,114,"备份航线P256直飞P283",0,,,,
ch03,ch03_01,ch03_01_115,unknown,3,115,"飞备份航线P256直飞P2834018",0,,,,
ch03,ch03_01,ch03_01_116,unknown,3,116,"4018",0,,,,
ch03,ch03_01,ch03_01_117,unknown,3,117,"4018明白",0,,,,
ch03,ch03_01,ch03_01_118,unknown,3,118,"保持7,200米",0,,,,
ch03,ch03_01,ch03_01_119,unknown,3,119,"史各庄等待",0,,,,
ch03,ch03_01,ch03_01_120,unknown,3,120,"4018在整点前通过P322",0,,,,
ch03,ch03_01,ch03_01_121,unknown,3,121,"4018明白整点前通过P3224018在P377前保持当前速度",0,,,,
ch03,ch03_01,ch03_01_122,unknown,3,122,"4018明白",0,,,,
ch03,ch03_01,ch03_01_123,unknown,3,123,"P377前保持速度",0,,,,
ch03,ch03_01,ch03_01_124,unknown,3,124,"4018",0,,,,
ch03,ch03_01,ch03_01_125,unknown,3,125,"频率321.22",0,,,,
ch03,ch03_01,ch03_01_126,unknown,3,126,"前方联系07进塔台",0,,,,
ch03,ch03_01,ch03_01_127,unknown,3,127,"长江4018叫",0,,,,
ch03,ch03_01,ch03_01_128,unknown,3,128,"4018长江收到",0,,,,
ch03,ch03_01,ch03_01_129,unknown,3,129,"报告高度位置预达时刻",0,,,,
ch03,ch03_01,ch03_01_130,unknown,3,130,"4018标高89",0,,,,
ch03,ch03_01,ch03_01_131,unknown,3,131,"能见飞行正常工作",0,,,,
ch03,ch03_01,ch03_01_132,unknown,3,132,"预达时刻11:15请求着陆条件",0,,,,
ch03,ch03_01,ch03_01_133,unknown,3,133,"4018着陆条件超收本场场压756跑道07能见度大于10公里",0,,,,
ch03,ch03_01,ch03_01_134,unknown,3,134,"云高356米",0,,,,
ch03,ch03_01,ch03_01_135,unknown,3,135,"云量5个北风5米每秒场面温度20度",0,,,,
ch03,ch03_01,ch03_01_136,unknown,3,136,"本场没有活动",0,,,,
ch03,ch03_01,ch03_01_137,unknown,3,137,"塔台4018",0,,,,
ch03,ch03_01,ch03_01_138,unknown,3,138,"着陆条件超收本场场压756跑道07",0,,,,
ch03,ch03_01,ch03_01_139,unknown,3,139,"能见度大于12公里云高",0,,,,
ch03,ch03_01,ch03_01_140,unknown,3,140,"128米云量5个",0,,,,
ch03,ch03_01,ch03_01_141,unknown,3,141,"北风5米每秒",0,,,,
ch03,ch03_01,ch03_01_142,unknown,3,142,"场场面温度20度本场没有活动",0,,,,
ch03,ch03_01,ch03_01_143,unknown,3,143,"4018明白",0,,,,
ch03,ch03_01,ch03_01_144,unknown,3,144,"场压756",0,,,,
ch03,ch03_01,ch03_01_145,unknown,3,145,"跑道07",0,,,,
ch03,ch03_01,ch03_01_146,unknown,3,146,"4018请求下降高度",0,,,,
ch03,ch03_01,ch03_01_147,unknown,3,147,"4018可以下降高度",0,,,,
ch03,ch03_01,ch03_01_148,unknown,3,148,"标高8,100米报",0,,,,
ch03,ch03_01,ch03_01_149,unknown,3,149,"4018标标高8,100米",0,,,,
ch03,ch03_01,ch03_01_150,unknown,3,150,"4018继续下降到标压7,500米报",0,,,,
ch03,ch03_01,ch03_01_151,unknown,3,151,"4018明白",0,,,,
ch03,ch03_01,ch03_01_152,unknown,3,152,"4018保持场高900米加入左起落航线左三边",0,,,,
ch03,ch03_01,ch03_01_153,unknown,3,153,"4018明白",0,,,,
ch03,ch03_01,ch03_01_154,unknown,3,154,"长江4018起落架放好请求着陆",0,,,,
ch03,ch03_01,ch03_01_155,unknown,3,155,"4018检查好起落架可以着陆",0,,,,
ch03,ch03_01,ch03_01_156,unknown,3,156,"4018明白",0,,,,
ch03,ch03_01,ch03_01_157,unknown,3,157,"4018跑道入侵复飞",0,,,,
ch03,ch03_01,ch03_01_158,unknown,3,158,"4018复飞",0,,,,
ch03,ch03_01,ch03_01_159,unknown,3,159,"4018高度356米",0,,,,
ch03,ch03_01,ch03_01_160,unknown,3,160,"左转建立左航线",0,,,,
ch03,ch03_01,ch03_01_161,unknown,3,161,"4018明白",0,,,,
ch03,ch03_01,ch03_01_162,unknown,3,162,"4018",0,,,,
ch03,ch03_01,ch03_01_163,unknown,3,163,"5号联络道脱离地面有引导看到报告",0,,,,
ch03,ch03_01,ch03_01_164,unknown,3,164,"4018明白",0,,,,
ch03,ch03_01,ch03_01_165,unknown,3,165,"4018经07道空中滑行至停机坪注意两边的吹雪",0,,,,
ch03,ch03_01,ch03_01_166,unknown,3,166,"4018明白",0,,,,
ch03,ch03_01,ch03_01_167,unknown,3,167,"长江4018看到地面指挥请求脱波",0,,,,
ch03,ch03_01,ch03_01_168,unknown,3,168,"4018",0,,,,
ch03,ch03_01,ch03_01_169,unknown,3,169,"可以脱波再见",0,,,,
ch03,ch03_01,ch03_01_170,unknown,3,170,"长江4018请求起飞",0,,,,
ch03,ch03_01,ch03_01_171,unknown,3,171,"4018检查好可以起飞",0,,,,
ch03,ch03_01,ch03_01_172,unknown,3,172,"北风5米每秒",0,,,,
ch03,ch03_01,ch03_01_173,unknown,3,173,"4018保持场高317后出航",0,,,,
ch03,ch03_01,ch03_01_174,unknown,3,174,"4018前方联系泰山联系好报",0,,,,
ch03,ch03_01,ch03_01_175,unknown,3,175,"4018明白",0,,,,
ch03,ch03_01,ch03_01_176,unknown,3,176,"泰山4018叫",0,,,,
ch03,ch03_01,ch03_01_177,unknown,3,177,"泰山回答4018",0,,,,
ch03,ch03_01,ch03_01_178,unknown,3,178,"泰山4018场高317",0,,,,
ch03,ch03_01,ch03_01_179,unknown,3,179,"保持上升场高317",0,,,,
ch03,ch03_01,ch03_01_180,unknown,3,180,"听指令上升3107米报",0,,,,
ch03,ch03_01,ch03_01_181,unknown,3,181,"啊4栋18明白保持标高3107听指令上升3107米",0,,,,
ch03,ch03_01,ch03_01_182,unknown,3,182,"哎4栋18明白",0,,,,
ch03,ch03_01,ch03_01_183,unknown,3,183,"保持场高标高3107",0,,,,
ch03,ch03_01,ch03_01_184,unknown,3,184,"呃听指令上升3呃标压3107米报",0,,,,
ch03,ch03_01,ch03_01_185,unknown,3,185,"4018标高3107",0,,,,
ch03,ch03_01,ch03_01_186,unknown,3,186,"工作正常",0,,,,
ch03,ch03_01,ch03_01_187,unknown,3,187,"呃与泰山联系好请求脱波",0,,,,
ch03,ch03_01,ch03_01_188,unknown,3,188,"4018可以脱波再见",0,,,,
ch03,ch03_01,ch03_01_189,unknown,3,189,"泰山4018",0,,,,
ch03,ch03_01,ch03_01_190,unknown,3,190,"4018泰山回答工作情况",0,,,,
ch03,ch03_01,ch03_01_191,unknown,3,191,"预计进入本区时刻",0,,,,
ch03,ch03_01,ch03_01_192,unknown,3,192,"泰山",0,,,,
ch03,ch03_01,ch03_01_193,unknown,3,193,"4018标高9标高9,000工作正常预计进入时刻1212",0,,,,
ch03,ch03_01,ch03_01_194,unknown,3,194,"4018",0,,,,
ch03,ch03_01,ch03_01_195,unknown,3,195,"保持标高9,000",0,,,,
ch03,ch03_01,ch03_01_196,unknown,3,196,"飞跃P256报",0,,,,
ch03,ch03_01,ch03_01_197,unknown,3,197,"4018明白",0,,,,
ch03,ch03_01,ch03_01_198,unknown,3,198,"飞跃P256报",0,,,,
ch03,ch03_01,ch03_01_199,unknown,3,199,"4018因雷暴P256到ZM导航台不能飞",0,,,,
ch03,ch03_01,ch03_01_200,unknown,3,200,"备份航线P256直飞P283",0,,,,
ch03,ch03_01,ch03_01_201,unknown,3,201,"嗯飞备份航线P256直飞P2834018",0,,,,
ch03,ch03_01,ch03_01_202,unknown,3,202,"4018",0,,,,
ch03,ch03_01,ch03_01_203,unknown,3,203,"标高7,200有交叉飞行保持标高7,200在史各庄等待",0,,,,
ch03,ch03_01,ch03_01_204,unknown,3,204,"4018明白保持7,200",0,,,,
ch03,ch03_01,ch03_01_205,unknown,3,205,"飞史各庄等待",0,,,,
ch03,ch03_01,ch03_01_206,unknown,3,206,"4018在整点前通过P3P322",0,,,,
ch03,ch03_01,ch03_01_207,unknown,3,207,"4018明白整点前通过P3224018在P377前保持当前速度",0,,,,
ch03,ch03_01,ch03_01_208,unknown,3,208,"4018明白P377前保持速度",0,,,,
ch03,ch03_01,ch03_01_209,unknown,3,209,"啊4018明白频率317.07",0,,,,
ch03,ch03_01,ch03_01_210,unknown,3,210,"联系07进塔台",0,,,,
ch03,ch03_01,ch03_01_211,unknown,3,211,"4018",0,,,,
ch03,ch03_01,ch03_01_212,unknown,3,212,"频率317.07前方联系07",0,,,,
ch03,ch03_01,ch03_01_213,unknown,3,213,"进近塔台",0,,,,
ch03,ch03_01,ch03_01_214,unknown,3,214,"4018明白",0,,,,
ch03,ch03_01,ch03_01_215,unknown,3,215,"频率317.07联系07进塔台",0,,,,
ch03,ch03_01,ch03_01_216,unknown,3,216,"长江4018叫",0,,,,
ch03,ch03_01,ch03_01_217,unknown,3,217,"4018长江收到",0,,,,
ch03,ch03_01,ch03_01_218,unknown,3,218,"报告高度位置",0,,,,
ch03,ch03_01,ch03_01_219,unknown,3,219,"预达时刻",0,,,,
ch03,ch03_01,ch03_01_220,unknown,3,220,"4018标高89能见飞行工作正常",0,,,,
ch03,ch03_01,ch03_01_221,unknown,3,221,"预达时刻1115请求着陆条件",0,,,,
ch03,ch03_01,ch03_01_222,unknown,3,222,"4018",0,,,,
ch03,ch03_01,ch03_01_223,unknown,3,223,"着陆条件抄收",0,,,,
ch03,ch03_01,ch03_01_224,unknown,3,224,"本场场压756跑道07",0,,,,
ch03,ch03_01,ch03_01_225,unknown,3,225,"能见度大于",0,,,,
ch03,ch03_01,ch03_01_226,unknown,3,226,"07公里云高317云量3个北风5米每秒场面温度20度本场没有活动",0,,,,
ch03,ch03_01,ch03_01_227,unknown,3,227,"4018明白",0,,,,
ch03,ch03_01,ch03_01_228,unknown,3,228,"场压756",0,,,,
ch03,ch03_01,ch03_01_229,unknown,3,229,"跑道07",0,,,,
ch03,ch03_01,ch03_01_230,unknown,3,230,"4018明白场压756跑道07",0,,,,
ch03,ch03_01,ch03_01_231,unknown,3,231,"4018请求下降高度",0,,,,
ch03,ch03_01,ch03_01_232,unknown,3,232,"4018可以下降高度",0,,,,
ch03,ch03_01,ch03_01_233,unknown,3,233,"标高8,100报",0,,,,
ch03,ch03_01,ch03_01_234,unknown,3,234,"呃4018标高8,100",0,,,,
ch03,ch03_01,ch03_01_235,unknown,3,235,"4018继续下降到标压7,500报",0,,,,
ch03,ch03_01,ch03_01_236,unknown,3,236,"4018明白",0,,,,
ch03,ch03_01,ch03_01_237,unknown,3,237,"长江4018",0,,,,
ch03,ch03_01,ch03_01_238,unknown,3,238,"场高900请求加入方法",0,,,,
ch03,ch03_01,ch03_01_239,unknown,3,239,"4018",0,,,,
ch03,ch03_01,ch03_01_240,unknown,3,240,"保持场高900加入左起落航线三边",0,,,,
ch03,ch03_01,ch03_01_241,unknown,3,241,"4018明白",0,,,,
ch03,ch03_01,ch03_01_242,unknown,3,242,"长江4018",0,,,,
ch03,ch03_01,ch03_01_243,unknown,3,243,"起落架放好请求着陆",0,,,,
ch03,ch03_01,ch03_01_244,unknown,3,244,"4018检查好起落架可以着陆",0,,,,
ch03,ch03_01,ch03_01_245,unknown,3,245,"4018明白",0,,,,
ch03,ch03_01,ch03_01_246,unknown,3,246,"4018跑道入侵复飞",0,,,,
ch03,ch03_01,ch03_01_247,unknown,3,247,"复飞",0,,,,
ch03,ch03_01,ch03_01_248,unknown,3,248,"4018高度317左转建立左航线",0,,,,
ch03,ch03_01,ch03_01_249,unknown,3,249,"4018明白",0,,,,
ch03,ch03_01,ch03_01_250,unknown,3,250,"40183号联络道脱离地面有引导看到报告",0,,,,
ch03,ch03_01,ch03_01_251,unknown,3,251,"4018明白",0,,,,
ch03,ch03_01,ch03_01_252,unknown,3,252,"4018",0,,,,
ch03,ch03_01,ch03_01_253,unknown,3,253,"经07道空中滑行至停机坪注意两边的吹雪",0,,,,
ch03,ch03_01,ch03_01_254,unknown,3,254,"4018明白",0,,,,
ch03,ch03_01,ch03_01_255,unknown,3,255,"4018经07道空中滑行至停机坪注意两边的吹雪",0,,,,
ch03,ch03_01,ch03_01_256,unknown,3,256,"长江4018看到地面指挥请求脱波",0,,,,
ch03,ch03_01,ch03_01_257,unknown,3,257,"4018可以脱波再见",0,,,,
ch03,ch03_01,ch03_01_258,unknown,3,258,"1号301",0,,,,
ch03,ch03_01,ch03_01_259,unknown,3,259,"301声音好",0,,,,
ch03,ch03_01,ch03_01_260,unknown,3,260,"呃301换2波道",0,,,,
ch03,ch03_01,ch03_01_261,unknown,3,261,"1号3012号准备好",0,,,,
ch03,ch03_01,ch03_01_262,unknown,3,262,"301开车",0,,,,
ch03,ch03_01,ch03_01_263,unknown,3,263,"301稍等",0,,,,
ch03,ch03_01,ch03_01_264,unknown,3,264,"301明白",0,,,,
ch03,ch03_01,ch03_01_265,unknown,3,265,"301滑出",0,,,,
ch03,ch03_01,ch03_01_266,unknown,3,266,"301可以滑出",0,,,,
ch03,ch03_01,ch03_01_267,unknown,3,267,"301明白",0,,,,
ch03,ch03_01,ch03_01_268,unknown,3,268,"301可进跑道",0,,,,
ch03,ch03_01,ch03_01_269,unknown,3,269,"301可以进跑道",0,,,,
ch03,ch03_01,ch03_01_270,unknown,3,270,"301明白",0,,,,
ch03,ch03_01,ch03_01_271,unknown,3,271,"301工作好",0,,,,
ch03,ch03_01,ch03_01_272,unknown,3,272,"301计时起飞",0,,,,
ch03,ch03_01,ch03_01_273,unknown,3,273,"301二转弯改出",0,,,,
ch03,ch03_01,ch03_01_274,unknown,3,274,"301起落架放好三转弯",0,,,,
ch03,ch03_01,ch03_01_275,unknown,3,275,"301可以三转弯风向90度4米每秒",0,,,,
ch03,ch03_01,ch03_01_276,unknown,3,276,"301襟翼全放",0,,,,
ch03,ch03_01,ch03_01_277,unknown,3,277,"301可以着陆最后一次",0,,,,
ch03,ch03_01,ch03_01_278,unknown,3,278,"301连续",0,,,,
ch03,ch03_01,ch03_01_279,unknown,3,279,"301工作好",0,,,,
ch03,ch03_01,ch03_01_280,unknown,3,280,"301计时起飞",0,,,,
ch03,ch03_01,ch03_01_281,unknown,3,281,"301二转弯改出",0,,,,
ch03,ch03_01,ch03_01_282,unknown,3,282,"301明白",0,,,,
ch03,ch03_01,ch03_01_283,unknown,3,283,"301切台",0,,,,
ch03,ch03_01,ch03_01_284,unknown,3,284,"1号明白",0,,,,
ch03,ch03_01,ch03_01_285,unknown,3,285,"301左转进入着陆航向",0,,,,
ch03,ch03_01,ch03_01_286,unknown,3,286,"301可以左转进入着陆航向",0,,,,
ch03,ch03_01,ch03_01_287,unknown,3,287,"301放好下降",0,,,,
ch03,ch03_01,ch03_01_288,unknown,3,288,"301可以下降",0,,,,
ch03,ch03_01,ch03_01_289,unknown,3,289,"301高度200 1号明白",0,,,,
ch03,ch03_01,ch03_01_290,unknown,3,290,"301襟翼全放",0,,,,
ch03,ch03_01,ch03_01_291,unknown,3,291,"301可以着陆最后一次",0,,,,
ch03,ch03_01,ch03_01_292,unknown,3,292,"301连续计时",0,,,,
ch03,ch03_01,ch03_01_293,unknown,3,293,"301工作好",0,,,,
ch03,ch03_01,ch03_01_294,unknown,3,294,"301计时起飞",0,,,,
ch03,ch03_01,ch03_01_295,unknown,3,295,"1号",0,,,,
ch03,ch03_01,ch03_01_296,unknown,3,296,"301明白1号301高度4,000通过1号",0,,,,
ch03,ch03_01,ch03_01_297,unknown,3,297,"302收到",0,,,,
ch03,ch03_01,ch03_01_298,unknown,3,298,"302",0,,,,
ch03,ch03_01,ch03_01_299,unknown,3,299,"高度3,500以下活动上方4,000有通过",0,,,,
ch03,ch03_01,ch03_01_300,unknown,3,300,"301进入1号",0,,,,
ch03,ch03_01,ch03_01_301,unknown,3,301,"301可以进入1号",0,,,,
ch03,ch03_01,ch03_01_302,unknown,3,302,"3011号完成动作",0,,,,
ch03,ch03_01,ch03_01_303,unknown,3,303,"明白301",0,,,,
ch03,ch03_01,ch03_01_304,unknown,3,304,"301退出1号",0,,,,
ch03,ch03_01,ch03_01_305,unknown,3,305,"301可以",0,,,,
ch03,ch03_01,ch03_01_306,unknown,3,306,"301高度07加入三转弯",0,,,,
ch03,ch03_01,ch03_01_307,unknown,3,307,"301301可以加入三转弯直接着陆",0,,,,
ch03,ch03_01,ch03_01_308,unknown,3,308,"301高度317",0,,,,
ch03,ch03_01,ch03_01_309,unknown,3,309,"左转通过",0,,,,
ch03,ch03_01,ch03_01_310,unknown,3,310,"呃301高度317通场",0,,,,
ch03,ch03_01,ch03_01_311,unknown,3,311,"301可以通场",0,,,,
ch03,ch03_01,ch03_01_312,unknown,3,312,"301明白",0,,,,
ch03,ch03_01,ch03_01_313,unknown,3,313,"距南进入点2分钟",0,,,,
ch03,ch03_01,ch03_01_314,unknown,3,314,"301",0,,,,
ch03,ch03_01,ch03_01_315,unknown,3,315,"左盘旋",0,,,,
ch03,ch03_01,ch03_01_316,unknown,3,316,"301进入点",0,,,,
ch03,ch03_01,ch03_01_317,unknown,3,317,"301起始点报",0,,,,
ch03,ch03_01,ch03_01_318,unknown,3,318,"301明白起始点报",0,,,,
ch03,ch03_01,ch03_01_319,unknown,3,319,"301起始点",0,,,,
ch03,ch03_01,ch03_01_320,unknown,3,320,"301航线第三架",0,,,,
ch03,ch03_01,ch03_01_321,unknown,3,321,"301明白航线第三架",0,,,,
ch03,ch03_01,ch03_01_322,unknown,3,322,"3013转弯",0,,,,
ch03,ch03_01,ch03_01_323,unknown,3,323,"301可以",0,,,,
ch03,ch03_01,ch03_01_324,unknown,3,324,"左侧风5米每秒",0,,,,
ch03,ch03_01,ch03_01_325,unknown,3,325,"301控制好速度脱离报",0,,,,
ch03,ch03_01,ch03_01_326,unknown,3,326,"301脱离",0,,,,
ch03,ch03_01,ch03_01_327,unknown,3,327,"301距南f a f点2分钟",0,,,,
ch03,ch03_01,ch03_01_328,unknown,3,328,"301右盘旋",0,,,,
ch03,ch03_01,ch03_01_329,unknown,3,329,"301FAF点",0,,,,
ch03,ch03_01,ch03_01_330,unknown,3,330,"301高度200",0,,,,
ch03,ch03_01,ch03_01_331,unknown,3,331,"明白301",0,,,,
ch03,ch03_01,ch03_01_332,unknown,3,332,"301",0,,,,
ch03,ch03_01,ch03_01_333,unknown,3,333,"襟翼全放",0,,,,
ch03,ch03_01,ch03_01_334,unknown,3,334,"301可以着陆地面静风",0,,,,
ch03,ch03_01,ch03_01_335,unknown,3,335,"301控制好速",0,,,,
ch03,ch03_01,ch03_01_336,unknown,3,336,"301控制好速度脱离吧",0,,,,
ch03,ch03_01,ch03_01_337,unknown,3,337,"301脱离",0,,,,
ch03,ch03_01,ch03_01_338,unknown,3,338,"301对正报告",0,,,,
ch03,ch03_01,ch03_01_339,unknown,3,339,"301明白对正报告",0,,,,
ch03,ch03_01,ch03_01_340,unknown,3,340,"301对正下降",0,,,,
ch03,ch03_01,ch03_01_341,unknown,3,341,"301可以下降",0,,,,
ch03,ch03_01,ch03_01_342,unknown,3,342,"1号301检查好开车",0,,,,
ch03,ch03_01,ch03_01_343,unknown,3,343,"301可以开车",0,,,,
ch03,ch03_01,ch03_01_344,unknown,3,344,"应答机",0,,,,
ch03,ch03_01,ch03_01_345,unknown,3,345,"场压317",0,,,,
ch03,ch03_01,ch03_01_346,unknown,3,346,"呃301可以开车应答机3107",0,,,,
ch03,ch03_01,ch03_01_347,unknown,3,347,"场压317",0,,,,
ch03,ch03_01,ch03_01_348,unknown,3,348,"应答机3107场压317",0,,,,
ch03,ch03_01,ch03_01_349,unknown,3,349,"301",0,,,,
ch03,ch03_01,ch03_01_350,unknown,3,350,"301检查好滑出",0,,,,
ch03,ch03_01,ch03_01_351,unknown,3,351,"301可以滑出滑行注意观察",0,,,,
ch03,ch03_01,ch03_01_352,unknown,3,352,"301明白",0,,,,
ch03,ch03_01,ch03_01_353,unknown,3,353,"301请示十二号跑道",0,,,,
ch03,ch03_01,ch03_01_354,unknown,3,354,"301",0,,,,
ch03,ch03_01,ch03_01_355,unknown,3,355,"请示向前滑",0,,,,
ch03,ch03_01,ch03_01_356,unknown,3,356,"301可以进跑道",0,,,,
ch03,ch03_01,ch03_01_357,unknown,3,357,"301跑道口等待",0,,,,
ch03,ch03_01,ch03_01_358,unknown,3,358,"301跟着陆地的3107进跑道等待",0,,,,
ch03,ch03_01,ch03_01_359,unknown,3,359,"进跑道301",0,,,,
ch03,ch03_01,ch03_01_360,unknown,3,360,"稍等301",0,,,,
ch03,ch03_01,ch03_01_361,unknown,3,361,"跟着落地的3107进跑道等待301",0,,,,
ch03,ch03_01,ch03_01_362,unknown,3,362,"301检查好起飞301可以起飞",0,,,,
ch03,ch03_01,ch03_01_363,unknown,3,363,"可以起飞301",0,,,,
ch03,ch03_01,ch03_01_364,unknown,3,364,"301一转弯",0,,,,
ch03,ch03_01,ch03_01_365,unknown,3,365,"301远台侧方",0,,,,
ch03,ch03_01,ch03_01_366,unknown,3,366,"301三转弯",0,,,,
ch03,ch03_01,ch03_01_367,unknown,3,367,"301可以三转弯",0,,,,
ch03,ch03_01,ch03_01_368,unknown,3,368,"301明白",0,,,,
ch03,ch03_01,ch03_01_369,unknown,3,369,"301五边向台",0,,,,
ch03,ch03_01,ch03_01_370,unknown,3,370,"301起落架放好",0,,,,
ch03,ch03_01,ch03_01_371,unknown,3,371,"02右着陆",0,,,,
ch03,ch03_01,ch03_01_372,unknown,3,372,"301可以着陆",0,,,,
ch03,ch03_01,ch03_01_373,unknown,3,373,"明白301",0,,,,
ch03,ch03_01,ch03_01_374,unknown,3,374,"301脱离301可以",0,,,,
ch03,ch03_01,ch03_01_375,unknown,3,375,"301到位请求关车",0,,,,
ch03,ch03_01,ch03_01_376,unknown,3,376,"301可以关车再见再见",0,,,,
ch03,ch03_01,ch03_01_377,unknown,3,377,"1号301检查好开车",0,,,,
ch03,ch03_01,ch03_01_378,unknown,3,378,"301可以开车",0,,,,
ch03,ch03_01,ch03_01_379,unknown,3,379,"应答机3107",0,,,,
ch03,ch03_01,ch03_01_380,unknown,3,380,"场压317",0,,,,
ch03,ch03_01,ch03_01_381,unknown,3,381,"应答机场压3107",0,,,,
ch03,ch03_01,ch03_01_382,unknown,3,382,"场压317301",0,,,,
ch03,ch03_01,ch03_01_383,unknown,3,383,"301检查好滑出",0,,,,
ch03,ch03_01,ch03_01_384,unknown,3,384,"301可以滑出",0,,,,
ch03,ch03_01,ch03_01_385,unknown,3,385,"滑行注意观察",0,,,,
ch03,ch03_01,ch03_01_386,unknown,3,386,"301明白",0,,,,
ch03,ch03_01,ch03_01_387,unknown,3,387,"301请示进跑道",0,,,,
ch03,ch03_01,ch03_01_388,unknown,3,388,"301请示向前滑",0,,,,
ch03,ch03_01,ch03_01_389,unknown,3,389,"301可以进跑道",0,,,,
ch03,ch03_01,ch03_01_390,unknown,3,390,"301跑道口等待",0,,,,
ch03,ch03_01,ch03_01_391,unknown,3,391,"301跟着陆地的",0,,,,
ch03,ch03_01,ch03_01_392,unknown,3,392,"317进跑道等待",0,,,,
ch03,ch03_01,ch03_01_393,unknown,3,393,"进跑道301",0,,,,
ch03,ch03_01,ch03_01_394,unknown,3,394,"稍等301",0,,,,
ch03,ch03_01,ch03_01_395,unknown,3,395,"跟着落地的3107进跑道等待",0,,,,
ch03,ch03_01,ch03_01_396,unknown,3,396,"301检查好起飞",0,,,,
ch03,ch03_01,ch03_01_397,unknown,3,397,"301可以起飞",0,,,,
ch03,ch03_01,ch03_01_398,unknown,3,398,"可以起飞301301工作好",0,,,,
ch03,ch03_01,ch03_01_399,unknown,3,399,"呃左转上场高24",0,,,,
ch03,ch03_01,ch03_01_400,unknown,3,400,"301可以上场高24",0,,,,
ch03,ch03_01,ch03_01_401,unknown,3,401,"301明白301呃远台侧方右转出航",0,,,,
ch03,ch03_01,ch03_01_402,unknown,3,402,"请示上标高54P51时间07",0,,,,
ch03,ch03_01,ch03_01_403,unknown,3,403,"P5107收到",0,,,,
ch03,ch03_01,ch03_01_404,unknown,3,404,"收到301301P51P88时间07请至上57",0,,,,
ch03,ch03_01,ch03_01_405,unknown,3,405,"301可以上57301P88P92时间07",0,,,,
ch03,ch03_01,ch03_01_406,unknown,3,406,"请示下54",0,,,,
ch03,ch03_01,ch03_01_407,unknown,3,407,"301可以下54",0,,,,
ch03,ch03_01,ch03_01_408,unknown,3,408,"301p92P10107",0,,,,
ch03,ch03_01,ch03_01_409,unknown,3,409,"收到3012分钟P101到场07",0,,,,
ch03,ch03_01,ch03_01_410,unknown,3,410,"请示下场高24",0,,,,
ch03,ch03_01,ch03_01_411,unknown,3,411,"301P101到场07",0,,,,
ch03,ch03_01,ch03_01_412,unknown,3,412,"请示下24",0,,,,
ch03,ch03_01,ch03_01_413,unknown,3,413,"301可以下24场压317",0,,,,
ch03,ch03_01,ch03_01_414,unknown,3,414,"场压30317",0,,,,
ch03,ch03_01,ch03_01_415,unknown,3,415,"场压317301",0,,,,
ch03,ch03_01,ch03_01_416,unknown,3,416,"301P121侧方下12",0,,,,
ch03,ch03_01,ch03_01_417,unknown,3,417,"301可以下12",0,,,,
ch03,ch03_01,ch03_01_418,unknown,3,418,"301明白",0,,,,
ch03,ch03_01,ch03_01_419,unknown,3,419,"301",0,,,,
ch03,ch03_01,ch03_01_420,unknown,3,420,"近台上空右转下900",0,,,,
ch03,ch03_01,ch03_01_421,unknown,3,421,"301可以下900",0,,,,
ch03,ch03_01,ch03_01_422,unknown,3,422,"301远台侧方下600",0,,,,
ch03,ch03_01,ch03_01_423,unknown,3,423,"可以下600",0,,,,
ch03,ch03_01,ch03_01_424,unknown,3,424,"301明白301三转弯",0,,,,
ch03,ch03_01,ch03_01_425,unknown,3,425,"301可以三转弯",0,,,,
ch03,ch03_01,ch03_01_426,unknown,3,426,"301明白301五边向台",0,,,,
ch03,ch03_01,ch03_01_427,unknown,3,427,"301起落架放好",0,,,,
ch03,ch03_01,ch03_01_428,unknown,3,428,"呃02右转出航",0,,,,
ch03,ch03_01,ch03_01_429,unknown,3,429,"呃301起落架放好",0,,,,
ch03,ch03_01,ch03_01_430,unknown,3,430,"02右转连续",0,,,,
ch03,ch03_01,ch03_01_431,unknown,3,431,"301可以着陆",0,,,,
ch03,ch03_01,ch03_01_432,unknown,3,432,"连续复飞",0,,,,
ch03,ch03_01,ch03_01_433,unknown,3,433,"301",0,,,,
ch03,ch03_01,ch03_01_434,unknown,3,434,"起落架放好",0,,,,
ch03,ch03_01,ch03_01_435,unknown,3,435,"02右转",0,,,,
ch03,ch03_01,ch03_01_436,unknown,3,436,"301起落架放好",0,,,,
ch03,ch03_01,ch03_01_437,unknown,3,437,"02右连续",0,,,,
ch03,ch03_01,ch03_01_438,unknown,3,438,"301可以连续",0,,,,
ch03,ch03_01,ch03_01_439,unknown,3,439,"明白301",0,,,,
ch03,ch03_01,ch03_01_440,unknown,3,440,"3014号脱离",0,,,,
ch03,ch03_01,ch03_01_441,unknown,3,441,"301可以",0,,,,
ch03,ch03_01,ch03_01_442,unknown,3,442,"301到位请求关车301可以关车再再见",0,,,,
ch03,ch03_01,ch03_01_443,unknown,3,443,"再见",0,,,,
ch03,ch03_01,ch03_01_444,unknown,3,444,"301进入本场空域",0,,,,
ch03,ch03_01,ch03_01_445,unknown,3,445,"301本场",0,,,,
ch03,ch03_01,ch03_01_446,unknown,3,446,"301工作本场空域",0,,,,
ch03,ch03_01,ch03_01_447,unknown,3,447,"场高317301左转加入空域保持场高3107",0,,,,
ch03,ch03_01,ch03_01_448,unknown,3,448,"工作区域",0,,,,
ch03,ch03_01,ch03_01_449,unknown,3,449,"高度3107301301右转下降24",0,,,,
ch03,ch03_01,ch03_01_450,unknown,3,450,"301可以右转下降24",0,,,,
ch03,ch03_01,ch03_01_451,unknown,3,451,"301右转下降24",0,,,,
ch03,ch03_01,ch03_01_452,unknown,3,452,"301通过24下12",0,,,,
ch03,ch03_01,ch03_01_453,unknown,3,453,"301可以",0,,,,
ch03,ch03_01,ch03_01_454,unknown,3,454,"301明白",0,,,,
ch03,ch03_01,ch03_01_455,unknown,3,455,"301校波",0,,,,
ch03,ch03_01,ch03_01_456,unknown,3,456,"302303",0,,,,
ch03,ch03_01,ch03_01_457,unknown,3,457,"301 1波道",0,,,,
ch03,ch03_01,ch03_01_458,unknown,3,458,"302 303",0,,,,
ch03,ch03_01,ch03_01_459,unknown,3,459,"1号301请示开车",0,,,,
ch03,ch03_01,ch03_01_460,unknown,3,460,"301可以开车",0,,,,
ch03,ch03_01,ch03_01_461,unknown,3,461,"场压317应答机3107",0,,,,
ch03,ch03_01,ch03_01_462,unknown,3,462,"301稍等",0,,,,
ch03,ch03_01,ch03_01_463,unknown,3,463,"应答机3107场压317301",0,,,,
ch03,ch03_01,ch03_01_464,unknown,3,464,"302应答机3107",0,,,,
ch03,ch03_01,ch03_01_465,unknown,3,465,"302应答机3107",0,,,,
ch03,ch03_01,ch03_01_466,unknown,3,466,"303应答机3107",0,,,,
ch03,ch03_01,ch03_01_467,unknown,3,467,"301请示滑出",0,,,,
ch03,ch03_01,ch03_01_468,unknown,3,468,"301可以滑出注意观察",0,,,,
ch03,ch03_01,ch03_01_469,unknown,3,469,"301稍等",0,,,,
ch03,ch03_01,ch03_01_470,unknown,3,470,"301",0,,,,
ch03,ch03_01,ch03_01_471,unknown,3,471,"301地面左侧风地面左侧风301",0,,,,
ch03,ch03_01,ch03_01_472,unknown,3,472,"800正常拦截",0,,,,
ch03,ch03_01,ch03_01_473,unknown,3,473,"800800",0,,,,
ch03,ch03_01,ch03_01_474,unknown,3,474,"301请示15号进跑道",0,,,,
ch03,ch03_01,ch03_01_475,unknown,3,475,"301可以进跑道",0,,,,
ch03,ch03_01,ch03_01_476,unknown,3,476,"303到位",0,,,,
ch03,ch03_01,ch03_01_477,unknown,3,477,"301起飞时间07",0,,,,
ch03,ch03_01,ch03_01_478,unknown,3,478,"收到302",0,,,,
ch03,ch03_01,ch03_01_479,unknown,3,479,"301走",0,,,,
ch03,ch03_01,ch03_01_480,unknown,3,480,"301准备左转",0,,,,
ch03,ch03_01,ch03_01_481,unknown,3,481,"301左转",0,,,,
ch03,ch03_01,ch03_01_482,unknown,3,482,"301准备改出",0,,,,
ch03,ch03_01,ch03_01_483,unknown,3,483,"301改出航向195度",0,,,,
ch03,ch03_01,ch03_01_484,unknown,3,484,"303入队",0,,,,
ch03,ch03_01,ch03_01_485,unknown,3,485,"303可以入队",0,,,,
ch03,ch03_01,ch03_01_486,unknown,3,486,"301高度800改平增速340",0,,,,
ch03,ch03_01,ch03_01_487,unknown,3,487,"301高度800改平增速340",0,,,,
ch03,ch03_01,ch03_01_488,unknown,3,488,"301请示上升到高度12",0,,,,
ch03,ch03_01,ch03_01_489,unknown,3,489,"301可以上升高度到12",0,,,,
ch03,ch03_01,ch03_01_490,unknown,3,490,"301高度12保持平飞",0,,,,
ch03,ch03_01,ch03_01_491,unknown,3,491,"302",0,,,,
ch03,ch03_01,ch03_01_492,unknown,3,492,"301准备左转",0,,,,
ch03,ch03_01,ch03_01_493,unknown,3,493,"301左转",0,,,,
ch03,ch03_01,ch03_01_494,unknown,3,494,"301准备改出",0,,,,
ch03,ch03_01,ch03_01_495,unknown,3,495,"301改出航向285",0,,,,
ch03,ch03_01,ch03_01_496,unknown,3,496,"301远台侧风",0,,,,
ch03,ch03_01,ch03_01_497,unknown,3,497,"301计时3分钟左转收到301",0,,,,
ch03,ch03_01,ch03_01_498,unknown,3,498,"请示下降高度400",0,,,,
ch03,ch03_01,ch03_01_499,unknown,3,499,"高度400改平301准备解散",0,,,,
ch03,ch03_01,ch03_01_500,unknown,3,500,"解散301走",0,,,,
ch03,ch03_01,ch03_01_501,unknown,3,501,"302走",0,,,,
ch03,ch03_01,ch03_01_502,unknown,3,502,"3013转弯",0,,,,
ch03,ch03_01,ch03_01_503,unknown,3,503,"起落架好着陆",0,,,,
ch03,ch03_01,ch03_01_504,unknown,3,504,"301可以着陆",0,,,,
ch03,ch03_01,ch03_01_505,unknown,3,505,"301工作好左转上场高12",0,,,,
ch03,ch03_01,ch03_01_506,unknown,3,506,"301可以上场高12",0,,,,
ch03,ch03_01,ch03_01_507,unknown,3,507,"301远台侧方要气象资料起飞时间07",0,,,,
ch03,ch03_01,ch03_01_508,unknown,3,508,"800风向317",0,,,,
ch03,ch03_01,ch03_01_509,unknown,3,509,"风速07",0,,,,
ch03,ch03_01,ch03_01_510,unknown,3,510,"场压317",0,,,,
ch03,ch03_01,ch03_01_511,unknown,3,511,"风向317风速07场压317301301右转进入空投下900",0,,,,
ch03,ch03_01,ch03_01_512,unknown,3,512,"301可以下900301通过起点上空时间07",0,,,,
ch03,ch03_01,ch03_01_513,unknown,3,513,"收到301发现目标开始工作",0,,,,
ch03,ch03_01,ch03_01_514,unknown,3,514,"301可以开始工作301准备301投下",0,,,,
ch03,ch03_01,ch03_01_515,unknown,3,515,"收到",0,,,,
ch03,ch03_01,ch03_01_516,unknown,3,516,"301工作完毕右转下600",0,,,,
ch03,ch03_01,ch03_01_517,unknown,3,517,"301可以301请示快速下降到18",0,,,,
ch03,ch03_01,ch03_01_518,unknown,3,518,"1号301检查好开车",0,,,,
ch03,ch03_01,ch03_01_519,unknown,3,519,"301可以开车",0,,,,
ch03,ch03_01,ch03_01_520,unknown,3,520,"应答机3107场压3107",0,,,,
ch03,ch03_01,ch03_01_521,unknown,3,521,"应拉机三幺洞拐查三幺拐",0,,,,
ch03,ch03_01,ch03_01_522,unknown,3,522,"301301检查好滑出",0,,,,
ch03,ch03_01,ch03_01_523,unknown,3,523,"301可以滑出滑行注意观察301明白30103号进跑道30103号进跑道",0,,,,
ch03,ch03_01,ch03_01_524,unknown,3,524,"301可以进跑道",0,,,,
ch03,ch03_01,ch03_01_525,unknown,3,525,"301进跑道301",0,,,,
ch03,ch03_01,ch03_01_526,unknown,3,526,"301悬停检查",0,,,,
ch03,ch03_01,ch03_01_527,unknown,3,527,"301打开地平仪接通自驾",0,,,,
ch03,ch03_01,ch03_01_528,unknown,3,528,"可以悬停检查",0,,,,
ch03,ch03_01,ch03_01_529,unknown,3,529,"可以悬停检查301",0,,,,
ch03,ch03_01,ch03_01_530,unknown,3,530,"301检查好起飞",0,,,,
ch03,ch03_01,ch03_01_531,unknown,3,531,"301可以起飞",0,,,,
ch03,ch03_01,ch03_01_532,unknown,3,532,"呃301明白",0,,,,
ch03,ch03_01,ch03_01_533,unknown,3,533,"301一转弯",0,,,,
ch03,ch03_01,ch03_01_534,unknown,3,534,"301二转弯",0,,,,
ch03,ch03_01,ch03_01_535,unknown,3,535,"301近台侧方",0,,,,
ch03,ch03_01,ch03_01_536,unknown,3,536,"301三转弯",0,,,,
ch03,ch03_01,ch03_01_537,unknown,3,537,"301可以三转弯301明白301五边向台",0,,,,
ch03,ch03_01,ch03_01_538,unknown,3,538,"301过台02左左着陆",0,,,,
ch03,ch03_01,ch03_01_539,unknown,3,539,"三洞幺过台02左着陆",0,,,,
ch03,ch03_01,ch03_01_540,unknown,3,540,"301可以着陆",0,,,,
ch03,ch03_01,ch03_01_541,unknown,3,541,"301明白",0,,,,
ch03,ch03_01,ch03_01_542,unknown,3,542,"301三号脱离",0,,,,
ch03,ch03_01,ch03_01_543,unknown,3,543,"呃3号道脱301三号道脱离301滑行注意观察301明白",0,,,,
ch03,ch03_01,ch03_01_544,unknown,3,544,"301到位关车",0,,,,
ch03,ch03_01,ch03_01_545,unknown,3,545,"301可以关车再见再见",0,,,,
ch03,ch03_01,ch03_01_546,unknown,3,546,"1号301检查好开车",0,,,,
ch03,ch03_01,ch03_01_547,unknown,3,547,"301可以开车",0,,,,
ch03,ch03_01,ch03_01_548,unknown,3,548,"应答机3107场压317",0,,,,
ch03,ch03_01,ch03_01_549,unknown,3,549,"应答机3107场压317301",0,,,,
ch03,ch03_01,ch03_01_550,unknown,3,550,"301检查好滑出",0,,,,
ch03,ch03_01,ch03_01_551,unknown,3,551,"301可以滑出滑行注意观察301明白30103号进跑道",0,,,,
ch03,ch03_01,ch03_01_552,unknown,3,552,"301可以进跑道进跑道301301悬停检查",0,,,,
ch03,ch03_01,ch03_01_553,unknown,3,553,"301打开地平仪接通自驾可以悬停检查301明白",0,,,,
ch03,ch03_01,ch03_01_554,unknown,3,554,"301检查好起飞",0,,,,
ch03,ch03_01,ch03_01_555,unknown,3,555,"301可以起飞301明白",0,,,,
ch03,ch03_01,ch03_01_556,unknown,3,556,"301左转上900",0,,,,
ch03,ch03_01,ch03_01_557,unknown,3,557,"301可以上900301明白301出航p2呃0509分",0,,,,
ch03,ch03_01,ch03_01_558,unknown,3,558,"p20509分收到",0,,,,
ch03,ch03_01,ch03_01_559,unknown,3,559,"301p205请示上",0,,,,
ch03,ch03_01,ch03_01_560,unknown,3,560,"标准气压高2,700",0,,,,
ch03,ch03_01,ch03_01_561,unknown,3,561,"P20628分",0,,,,
ch03,ch03_01,ch03_01_562,unknown,3,562,"301可以上2,700",0,,,,
ch03,ch03_01,ch03_01_563,unknown,3,563,"P20628分收到",0,,,,
ch03,ch03_01,ch03_01_564,unknown,3,564,"301明白",0,,,,
ch03,ch03_01,ch03_01_565,unknown,3,565,"3栋1P206P20740分",0,,,,
ch03,ch03_01,ch03_01_566,unknown,3,566,"3栋1P20740分收到",0,,,,
ch03,ch03_01,ch03_01_567,unknown,3,567,"呃301P206P20740分",0,,,,
ch03,ch03_01,ch03_01_568,unknown,3,568,"301P207下标高1,800",0,,,,
ch03,ch03_01,ch03_01_569,unknown,3,569,"P20853分",0,,,,
ch03,ch03_01,ch03_01_570,unknown,3,570,"301可以下1,800P20853分收到",0,,,,
ch03,ch03_01,ch03_01_571,unknown,3,571,"301明白3栋1P208下场高900",0,,,,
ch03,ch03_01,ch03_01_572,unknown,3,572,"到场",0,,,,
ch03,ch03_01,ch03_01_573,unknown,3,573,"03分",0,,,,
ch03,ch03_01,ch03_01_574,unknown,3,574,"301可以下900到场03分收到301明白山洞1左转下500301可以左转下500301明白301进方进台侧方",0,,,,
ch03,ch03_01,ch03_01_575,unknown,3,575,"收到3013转弯301",0,,,,
ch03,ch03_01,ch03_01_576,unknown,3,576,"301可以三转弯301明白301五边向台",0,,,,
ch03,ch03_01,ch03_01_577,unknown,3,577,"301过台02左着陆",0,,,,
ch03,ch03_01,ch03_01_578,unknown,3,578,"301可以着陆",0,,,,
ch03,ch03_01,ch03_01_579,unknown,3,579,"301明白301三号道脱离",0,,,,
ch03,ch03_01,ch03_01_580,unknown,3,580,"301滑行注意观察",0,,,,
ch03,ch03_01,ch03_01_581,unknown,3,581,"301明白",0,,,,
ch03,ch03_01,ch03_01_582,unknown,3,582,"301到位关车再见再见",0,,,,
ch03,ch03_01,ch03_01_583,unknown,3,583,"301天气怎么样天气良好",0,,,,
ch03,ch03_01,ch03_01_584,unknown,3,584,"能见度几公里",0,,,,
ch03,ch03_01,ch03_01_585,unknown,3,585,"高度500能见度大于6千米",0,,,,
ch03,ch03_01,ch03_01_586,unknown,3,586,"云量有几个5-6个云量",0,,,,
ch03,ch03_01,ch03_01_587,unknown,3,587,"云低高多少",0,,,,
ch03,ch03_01,ch03_01_588,unknown,3,588,"云低高3,000",0,,,,
ch03,ch03_01,ch03_01_589,unknown,3,589,"301训练空域天气怎么样",0,,,,
ch03,ch03_01,ch03_01_590,unknown,3,590,"能见度很差观察地标困难",0,,,,
ch03,ch03_01,ch03_01_591,unknown,3,591,"301航线天气怎么样",0,,,,
ch03,ch03_01,ch03_01_592,unknown,3,592,"航线第一边有降雨",0,,,,
ch03,ch03_01,ch03_01_593,unknown,3,593,"飞机结冰",0,,,,
ch03,ch03_01,ch03_01_594,unknown,3,594,"云中有颠簸",0,,,,
ch03,ch03_01,ch03_01_595,unknown,3,595,"301起落架放好",0,,,,
ch03,ch03_01,ch03_01_596,unknown,3,596,"301可以着陆左侧风四五度6-8米",0,,,,
ch03,ch03_01,ch03_01_597,unknown,3,597,"顺风2-3米每秒3011号航线天气怎么样",0,,,,
ch03,ch03_01,ch03_01_598,unknown,3,598,"1号稍等301在云中301报告航线天气",0,,,,
ch03,ch03_01,ch03_01_599,unknown,3,599,"云量少云",0,,,,
ch03,ch03_01,ch03_01_600,unknown,3,600,"云顶3,600",0,,,,
ch03,ch03_01,ch03_01_601,unknown,3,601,"啊301报告航线天气",0,,,,
ch03,ch03_01,ch03_01_602,unknown,3,602,"云量少云",0,,,,
ch03,ch03_01,ch03_01_603,unknown,3,603,"云底1,800云顶3,600能见度大于10公里",0,,,,
ch03,ch03_01,ch03_01_604,unknown,3,604,"云正在消散",0,,,,
ch03,ch03_01,ch03_01_605,unknown,3,605,"无重大变化完毕",0,,,,
ch03,ch03_01,ch03_01_606,unknown,3,606,"收到301报告起落天气",0,,,,
ch03,ch03_01,ch03_01_607,unknown,3,607,"301航线上严重颠簸",0,,,,
ch03,ch03_01,ch03_01_608,unknown,3,608,"301航线上严重积冰",0,,,,
ch03,ch03_01,ch03_01_609,unknown,3,609,"建议飞本场空域",0,,,,
ch03,ch03_01,ch03_01_610,unknown,3,610,"建议飞备份计划",0,,,,
ch03,ch03_01,ch03_01_611,unknown,3,611,"好天气",0,,,,
ch03,ch03_01,ch03_01_612,unknown,3,612,"云高和能见度无限",0,,,,
ch03,ch03_01,ch03_01_613,unknown,3,613,"好天气",0,,,,
ch03,ch03_01,ch03_01_614,unknown,3,614,"呃碧空",0,,,,
ch03,ch03_01,ch03_01_615,unknown,3,615,"天气不晴朗",0,,,,
ch03,ch03_01,ch03_01_616,unknown,3,616,"请求天气情况",0,,,,
ch03,ch03_01,ch03_01_617,unknown,3,617,"请求航路预报",0,,,,
ch03,ch03_01,ch03_01_618,unknown,3,618,"下两个小时不会转好",0,,,,
ch03,ch03_01,ch03_01_619,unknown,3,619,"天气情况逐渐转好",0,,,,
ch03,ch03_01,ch03_01_620,unknown,3,620,"4018跑道02右地面风30度",0,,,,
ch03,ch03_01,ch03_01_621,unknown,3,621,"2-6米每秒能见度6公里场压710",0,,,,
ch03,ch03_01,ch03_01_622,unknown,3,622,"4018高度12通场",0,,,,
ch03,ch03_01,ch03_01_623,unknown,3,623,"近台上空加入右起落4018长五边着落",0,,,,
ch03,ch03_01,ch03_01_624,unknown,3,624,"4018起飞15分计计划航线",0,,,,
ch03,ch03_01,ch03_01_625,unknown,3,625,"直线爬升场高900",0,,,,
ch03,ch03_01,ch03_01_626,unknown,3,626,"左转浦江上标高45",0,,,,
ch03,ch03_01,ch03_01_627,unknown,3,627,"联系成都近进频率119.25",0,,,,
ch03,ch03_01,ch03_01_628,unknown,3,628,"加速滑行",0,,,,
ch03,ch03_01,ch03_01_629,unknown,3,629,"抬前轮",0,,,,
ch03,ch03_01,ch03_01_630,unknown,3,630,"两点姿势大",0,,,,
ch03,ch03_01,ch03_01_631,unknown,3,631,"保持方向不要偏左",0,,,,
ch03,ch03_01,ch03_01_632,unknown,3,632,"带杆带杆上升高度",0,,,,
ch03,ch03_01,ch03_01_633,unknown,3,633,"稳杆增速",0,,,,
ch03,ch03_01,ch03_01_634,unknown,3,634,"下滑线太高",0,,,,
ch03,ch03_01,ch03_01_635,unknown,3,635,"下滑点靠前",0,,,,
ch03,ch03_01,ch03_01_636,unknown,3,636,"检查下滑速度",0,,,,
ch03,ch03_01,ch03_01_637,unknown,3,637,"拉开始动作柔和",0,,,,
ch03,ch03_01,ch03_01_638,unknown,3,638,"看地面",0,,,,
ch03,ch03_01,ch03_01_639,unknown,3,639,"注意状态",0,,,,
ch03,ch03_01,ch03_01_640,unknown,3,640,"加油门",0,,,,
ch03,ch03_01,ch03_01_641,unknown,3,641,"收油门收光油门",0,,,,
ch03,ch03_01,ch03_01_642,unknown,3,642,"稳杆",0,,,,
ch03,ch03_01,ch03_01_643,unknown,3,643,"松杆",0,,,,
ch03,ch03_01,ch03_01_644,unknown,3,644,"带杆",0,,,,
ch03,ch03_01,ch03_01_645,unknown,3,645,"迎杆",0,,,,
ch03,ch03_01,ch03_01_646,unknown,3,646,"顶杆",0,,,,
ch03,ch03_01,ch03_01_647,unknown,3,647,"放平舵上左舵",0,,,,
ch03,ch03_01,ch03_01_648,unknown,3,648,"停止起飞",0,,,,
ch03,ch03_01,ch03_01_649,unknown,3,649,"中断起飞注意障碍物",0,,,,
ch03,ch03_01,ch03_01_650,unknown,3,650,"安检",0,,,,
ch03,ch03_01,ch03_01_651,unknown,3,651,"换人",0,,,,
ch03,ch03_01,ch03_01_652,unknown,3,652,"关车报告",0,,,,
ch03,ch03_01,ch03_01_653,unknown,3,653,"如收到的话",0,,,,
ch03,ch03_01,ch03_01_654,unknown,3,654,"摇动机翼",0,,,,
ch03,ch03_01,ch03_01_655,unknown,3,655,"如收到的话",0,,,,
ch03,ch03_01,ch03_01_656,unknown,3,656,"闪亮着陆灯请求紧急下降优先着陆",0,,,,
ch03,ch03_01,ch03_01_657,unknown,3,657,"立即跳伞",0,,,,
ch03,ch03_01,ch03_01_658,unknown,3,658,"立即着陆",0,,,,
ch03,ch03_01,ch03_01_659,unknown,3,659,"耗去必要油量立即着陆",0,,,,
ch03,ch03_01,ch03_01_660,unknown,3,660,"中断起飞",0,,,,
ch03,ch03_01,ch03_01_661,unknown,3,661,"发动机故障发动机停车",0,,,,
ch03,ch03_01,ch03_01_662,unknown,3,662,"试试空中开车",0,,,,
ch03,ch03_01,ch03_01_663,unknown,3,663,"到高度2,000",0,,,,
ch03,ch03_01,ch03_01_664,unknown,3,664,"到高度2,000还未开成就跳伞",0,,,,
ch03,ch03_01,ch03_01_665,unknown,3,665,"不放襟翼和起落架的下滑速度是317",0,,,,
ch03,ch03_01,ch03_01_666,unknown,3,666,"公里每小时",0,,,,
ch03,ch03_01,ch03_01_667,unknown,3,667,"抛掉座舱盖",0,,,,
ch03,ch03_01,ch03_01_668,unknown,3,668,"燃油严重泄漏",0,,,,
ch03,ch03_01,ch03_01_669,unknown,3,669,"发动机着火",0,,,,
ch03,ch03_01,ch03_01_670,unknown,3,670,"左起落架未放好",0,,,,
ch03,ch03_01,ch03_01_671,unknown,3,671,"机上着火我正在迫降",0,,,,
ch03,ch03_01,ch03_01_672,unknown,3,672,"左起落架未放好",0,,,,
ch03,ch03_01,ch03_01_673,unknown,3,673,"剩油警告灯亮",0,,,,
ch03,ch03_01,ch03_01_674,unknown,3,674,"单发飞行",0,,,,
ch03,ch03_01,ch03_01_675,unknown,3,675,"发动机拉烟",0,,,,
ch03,ch03_01,ch03_01_676,unknown,3,676,"请求投掉副油箱",0,,,,
ch03,ch03_01,ch03_01_677,unknown,3,677,"轮子放不下",0,,,,
ch03,ch03_01,ch03_01_678,unknown,3,678,"检查速度",0,,,,
ch04,ch04_01,ch04_01_001,unknown,4,1,"好的本场场压",0,,,,
ch04,ch04_01,ch04_01_002,unknown,4,2,"733.2 733.2温度5度温度5度",0,,,,
ch04,ch04_01,ch04_01_003,unknown,4,3,"呃50度风3-5米",0,,,,
ch04,ch04_01,ch04_01_004,unknown,4,4,"地面能见度大于两公里",0,,,,
ch04,ch04_01,ch04_01_005,unknown,4,5,"完毕",0,,,,
ch04,ch04_01,ch04_01_006,unknown,4,6,"733.2进跑道",0,,,,
ch04,ch04_01,ch04_01_007,unknown,4,7,"3-5米着陆方向由西向东",0,,,,
ch04,ch04_01,ch04_01_008,unknown,4,8,"好的着陆方向由西向东我落地以后不用加油你给我来个停车",0,,,,
ch04,ch04_01,ch04_01_009,unknown,4,9,"啊下站联系1900",0,,,,
ch04,ch04_01,ch04_01_010,unknown,4,10,"好的一会见",0,,,,
ch04,ch04_01,ch04_01_011,unknown,4,11,"一会见",0,,,,
ch06,ch06_01,ch06_01_001,unknown,6,1,"17进跑道",0,,,,
ch06,ch06_01,ch06_01_002,unknown,6,2,"可以进跑道",0,,,,
ch06,ch06_01,ch06_01_003,unknown,6,3,"起飞方向由西向东",0,,,,
ch07,ch07_01,ch07_01_001,unknown,7,1,"17",0,,,,
ch07,ch07_01,ch07_01_002,unknown,7,2,"好的你现在可以继续下到我场高12",0,,,,
